{
  "phase1": {
    "accuracy": [
      0.4474358856678009,
      0.5873397588729858,
      0.6432692408561707,
      0.6677884459495544,
      0.6798076629638672,
      0.7068910002708435,
      0.7190704941749573,
      0.7346153855323792,
      0.7419871687889099,
      0.7562500238418579,
      0.7674679756164551,
      0.776762843132019,
      0.7802884578704834,
      0.7873397469520569,
      0.7873397469520569,
      0.8022435903549194,
      0.7993589639663696,
      0.8282051086425781,
      0.8459935784339905,
      0.8565705418586731,
      0.8766025900840759,
      0.8690705299377441,
      0.8769230842590332,
      0.8782051205635071,
      0.8826923370361328,
      0.8817307949066162,
      0.8863782286643982,
      0.8919872045516968,
      0.889102578163147,
      0.8919872045516968
    ],
    "loss": [
      1.9179441928863525,
      1.3673839569091797,
      1.2427287101745605,
      1.1698774099349976,
      1.1291353702545166,
      1.0834994316101074,
      1.0674731731414795,
      1.027355670928955,
      1.0192829370498657,
      0.9951589703559875,
      0.9786219596862793,
      0.9814457297325134,
      0.9874484539031982,
      0.9779639840126038,
      0.9929600358009338,
      0.9502038359642029,
      0.9741222858428955,
      0.8869714736938477,
      0.8280342817306519,
      0.7795394659042358,
      0.7425163984298706,
      0.7617927193641663,
      0.7275137901306152,
      0.7129098773002625,
      0.69468754529953,
      0.6952736973762512,
      0.6868941783905029,
      0.6604579091072083,
      0.6629771590232849,
      0.6558845043182373
    ],
    "top3_acc": [
      0.718589723110199,
      0.8541666865348816,
      0.878044843673706,
      0.8884615302085876,
      0.9025641083717346,
      0.9089743494987488,
      0.9177884459495544,
      0.9286859035491943,
      0.9272435903549194,
      0.9378204941749573,
      0.9397435784339905,
      0.9432692527770996,
      0.9394230842590332,
      0.9432692527770996,
      0.9459936022758484,
      0.9503205418586731,
      0.9496794939041138,
      0.9620192050933838,
      0.9693910479545593,
      0.9727563858032227,
      0.9750000238418579,
      0.9783653616905212,
      0.9774038195610046,
      0.9775640964508057,
      0.9802884459495544,
      0.9820512533187866,
      0.9817307591438293,
      0.9844551086425781,
      0.981249988079071,
      0.9842948913574219
    ],
    "val_accuracy": [
      0.6891025900840759,
      0.7166666388511658,
      0.7762820720672607,
      0.7749999761581421,
      0.7987179756164551,
      0.8301281929016113,
      0.8307692408561707,
      0.8371794819831848,
      0.8448718190193176,
      0.846794843673706,
      0.8801282048225403,
      0.8807692527770996,
      0.8666666746139526,
      0.8775641322135925,
      0.8756410479545593,
      0.875,
      0.8807692527770996,
      0.8993589878082275,
      0.9089743494987488,
      0.9147436022758484,
      0.9179487228393555,
      0.9147436022758484,
      0.9198718070983887,
      0.9179487228393555,
      0.9192307591438293,
      0.9288461804389954,
      0.9275640845298767,
      0.9320513010025024,
      0.9275640845298767,
      0.9352564215660095
    ],
    "val_loss": [
      1.12999427318573,
      0.9555841684341431,
      0.8300837874412537,
      0.8345117568969727,
      0.7950606942176819,
      0.7225649356842041,
      0.7261219024658203,
      0.7237916588783264,
      0.7153803110122681,
      0.7219891548156738,
      0.6848379373550415,
      0.6812152862548828,
      0.7013012766838074,
      0.7082014679908752,
      0.7206538915634155,
      0.7189716696739197,
      0.7185516953468323,
      0.6622531414031982,
      0.6408334970474243,
      0.6179300546646118,
      0.6060555577278137,
      0.5981857180595398,
      0.5870208144187927,
      0.5828592777252197,
      0.5783999562263489,
      0.5566664338111877,
      0.5552567839622498,
      0.5469836592674255,
      0.5432435870170593,
      0.5355867743492126
    ],
    "val_top3_acc": [
      0.9057692289352417,
      0.9333333373069763,
      0.9506410360336304,
      0.9493589997291565,
      0.9589743614196777,
      0.9666666388511658,
      0.971794843673706,
      0.9660256505012512,
      0.9737179279327393,
      0.9711538553237915,
      0.9743589758872986,
      0.978205144405365,
      0.9775640964508057,
      0.9807692170143127,
      0.9788461327552795,
      0.9769230484962463,
      0.9788461327552795,
      0.9871794581413269,
      0.9865384697914124,
      0.9878205060958862,
      0.9903846383094788,
      0.9903846383094788,
      0.9884615540504456,
      0.9903846383094788,
      0.9884615540504456,
      0.9910256266593933,
      0.9910256266593933,
      0.9916666746139526,
      0.9897435903549194,
      0.9910256266593933
    ],
    "learning_rate": [
      0.0010000000474974513,
      0.0010000000474974513,
      0.0010000000474974513,
      0.0010000000474974513,
      0.0010000000474974513,
      0.0010000000474974513,
      0.0010000000474974513,
      0.0010000000474974513,
      0.0010000000474974513,
      0.0010000000474974513,
      0.0010000000474974513,
      0.0010000000474974513,
      0.0010000000474974513,
      0.0010000000474974513,
      0.0010000000474974513,
      0.0010000000474974513,
      0.0010000000474974513,
      0.0003000000142492354,
      0.0003000000142492354,
      0.0003000000142492354,
      0.0003000000142492354,
      0.0003000000142492354,
      0.0003000000142492354,
      0.0003000000142492354,
      0.0003000000142492354,
      0.0003000000142492354,
      0.0003000000142492354,
      0.0003000000142492354,
      0.0003000000142492354,
      0.0003000000142492354
    ]
  },
  "phase2": {
    "accuracy": [
      0.7565705180168152,
      0.7939102649688721,
      0.8038461804389954,
      0.8240384459495544,
      0.8376602530479431,
      0.8403846025466919,
      0.8543269038200378,
      0.8607372045516968,
      0.865544855594635,
      0.8778846263885498,
      0.8785256147384644,
      0.8806089758872986,
      0.8852564096450806,
      0.8977563977241516,
      0.8972756266593933,
      0.8948717713356018,
      0.9089743494987488,
      0.9073718190193176,
      0.9105769395828247,
      0.9084935784339905,
      0.9134615659713745,
      0.9193910360336304,
      0.9225961565971375,
      0.9237179756164551,
      0.9285256266593933,
      0.9258012771606445,
      0.9259615540504456,
      0.9288461804389954,
      0.9375,
      0.9363781809806824,
      0.9334936141967773,
      0.9399038553237915,
      0.9408653974533081,
      0.9427884817123413,
      0.9410256147384644,
      0.9458333253860474,
      0.9459936022758484,
      0.9498397707939148,
      0.9483974575996399,
      0.9517627954483032,
      0.9498397707939148,
      0.9527243375778198,
      0.9554487466812134,
      0.9533653855323792,
      0.9512820243835449,
      0.9524038434028625,
      0.9556089639663696,
      0.9581730961799622,
      0.9602563977241516,
      0.9607371687889099
    ],